dob,height,hometown,name,weight
1/16/73,"6'2""","Providence,USA","Adamonis,Brad",215lbs
8/27/75,"6'3""","Bartlesville,USA","Adams,Blake",205lbs
5/27/79,"5'7""",USA,"AdamsIII,Frank",165lbs
8/1/81,"5'7""","Chicago,USA","Affrunti,Joe",155lbs
,"6'2""","Roanoke,USA","Agee,Brian",168lbs
11/7/74,"5'7""","Valdivia,CHL","Aguilar,Felipe",159lbs
7/16/83,"5'10""","Johannesburg,ZAF","Aiken,Thomas",150lbs
,,"Metairie,USA","Ajubita,Neal",
,,USA,"Albertson,Anders",
9/2/84,"6'0""","Caldwell,USA","Aldridge,Tyler",710lbs
7/28/71,"5'11""","Hamilton,NZL","Alker,Steven",145lbs
10/18/73,"5'9""","Melbourne,AUS","Allan,Steve",170lbs
1/31/59,"6'0""","SanMateo,USA","Allen,Michael",195lbs
7/12/71,"6'1""","Melbourne,AUS","Allenby,Robert",185lbs
4/6/80,"6'2""","Ashland,USA","Allred,Jason",175lbs
9/2/85,,"Santiago,CHL","Alvarado,Benjamin",
5/8/85,"5'8""","Hamacao,PRI","Alverio,Max",155lbs
4/28/64,"6'1""","SanFernando,TTO","Ames,Stephen",165lbs
9/17/91,"6'1""","Seoul,KOR","An,Byeong-Hun",209lbs
10/29/91,,"Hurricane,USA","Anania,Brian",
,"5'7""","Mission,USA","Ancer,Abraham",
,,USA,"Andersen,Mason",
2/14/86,"6'1""","Annapolis,USA","Anderson,Mark",180lbs
1/20/72,"6'2""","Halmstad,SWE","AnderssonHed,Fredrik",170lbs
1/25/64,"5'9""","Bristol,USA","Andrade,Billy",160lbs
2/10/92,,USA,"Anguiano,Mark",
7/23/89,"5'8""","Bangkok,THA","Aphibarnrat,Kiradech",228lbs
5/1/71,"6'1""","Cohuna,AUS","Appleby,Stuart",195lbs
3/11/79,"6'0""","MexicoCity,MEX","Aragon,Alex",185lbs
,,USA,"Arendell,Connor",
,,USA,"Arizabaleta,AlvaroToteJ.",
2/27/76,"5'9""","Akron,USA","Armour,Ryan",160lbs
10/8/59,"6'2""","Denver,USA","ArmourIII,Tommy",190lbs
9/13/85,"6'1""","Sydney,AUS","Arnold,Scott",143lbs
,"5'10""","Missoula,USA","Arp,Riley",155lbs
,,USA,"Arvidsson,Oskar",
,,USA,"Atkins,Matt",
3/20/73,"6'1""","Asansol,IND","Atwal,Arjun",185lbs
1/27/64,"6'0""","Tampa,USA","Austin,Woody",190lbs
4/22/74,"6'0""","Athens,USA","Axley,Eric",185lbs
1/6/60,"6'2""","Holyoke,USA","Azinger,Paul",175lbs
1/18/83,"5'8""","Richmond,USA","Baca,Ryan",175lbs
,,USA,"Backel,Camden",
3/17/81,"6'0""","Lebanon,USA","Baddeley,Aaron",175lbs
6/21/86,"5'9""","Daegu,KOR","Bae,Sang-Moon",180lbs
10/8/90,"5'5""","Seoul,KOR","Baek,Seuk-Hyun",
,,NZL,"Baek,Todd",
5/11/72,"5'11""","MiamiBeach,USA","Baird,Briny",185lbs
3/1/86,"6'1""","Brownstown,USA","Baker,Chris",175lbs
,,USA,"Baker,Mark",
,,"Clevedon,ENG","Balcombe,Alister",
8/20/83,"6'1""","Laconia,USA","Baldwin,Mark",175lbs
2/25/86,"5'11""",ENG,"Baldwin,Matthew",
,,USA,"Balin,Daniel",
11/19/92,,"Truro,CAN","Banks,Eric",
,"5'10""","Shreveport,USA","Barbaree,Phillip",
,,USA,"Barber,Blayne",
7/12/75,"6'4""","LongBeach,USA","Barcelo,Rich",195lbs
,,USA,"Bard,Derek",
,"5'11""",USA,"Bardgett,Justin",170lbs
7/23/72,"5'11""","Henderson,USA","Barlow,Craig",200lbs
5/25/81,"6'1""","Muswellbrook,AUS","Barnes,Kurt",198lbs
2/6/81,"6'2""","Stockton,USA","Barnes,Ricky",200lbs
,,USA,"Barron,Derek",
,,"Ocala,USA","Bartlett,Jonathan",
10/24/82,"6'0""","Calgary,CAN","Baryla,Chris",180lbs
2/25/73,"5'10""","Monroe,USA","Bateman,Brian",185lbs
9/8/93,"5'9""","Edmonton,CAN","Bateman,Wil",160lbs
6/12/61,"6'0""","Quincy,USA","Bates,Ben",195lbs
,"5'11""","Auckland,NZL","Beale,James",175lbs
,,"Reno,USA","Becher,Jared",
2/15/70,"6'2""","Minneapolis,USA","Beckman,Cameron",215lbs
8/24/70,"5'8""","Phoenix,USA","Beem,Rich",165lbs
9/14/72,"5'11""","Albuquerque,USA","BegayIII,Notah",195lbs
11/12/84,"6'2""","Pretoria,ZAF","Bekker,Oliver",198lbs
10/10/84,"6'4""","Mesa,USA","Beljan,Charlie",215lbs
,,ESP,"Bello,Rafael",
1/4/86,"6'2""","Guildford,ENG","Benson,Seve",168lbs
,,"Windham,USA","BerberianJr,Rich",
1/14/69,"5'11""","LosAngeles,USA","BerganioJr,David",170lbs
4/7/93,"6'1""","Jupiter,USA","Berger,Daniel",165lbs
12/13/94,,"MontSaint-Hilaire,CAN","Bernard,Hugo",
3/30/70,"6'2""","Denver,USA","Bertsch,Shane",185lbs
4/12/75,"5'11""","Alameda,USA","Bettencourt,Matt",180lbs
4/27/88,"6'0""","Kapurthaia,IND","Bhullar,Gaganjeet",183lbs
,"6'3""","Middlefield,USA","Bierkan,John",
9/10/73,"6'0""","Spartanburg,USA","Biershenk,Tommy",190lbs
,,USA,"Bilodeau,Kyle",
,,USA,"Binfield,Wade",
12/26/90,"6'1""","TrophyClub,USA","Birdsey,Thomas",
8/14/91,"6'3""","Frederikshavn,DNK","Bjerregaard,Lucas",183lbs
2/18/71,"6'2""","Silkeborg,DNK","Bjorn,Thomas",194lbs
5/7/79,"5'9""","Oslo,NOR","Bjornstad,Henrik",163lbs
,,USA,"Black,ChrisW.",
,,"Savannah,USA","Blackburn,Brooks",
,"5'7""","Ogden,USA","Blair,Zac",125lbs
8/3/82,"5'11""","Maysville,USA","Blakefield,Mark",
1/30/87,"5'10""","Maywood,USA","Blakeman,Bennett",
8/26/82,"6'1""","Mildura,AUS","Bland,Adam",190lbs
11/3/72,"5'10""","WarnerRobins,USA","Blanks,Kris",220lbs
10/16/83,"6'2""","CoralGables,USA","Blaum,Ryan",187lbs
4/24/84,"5'11""","Hammaro,SWE","Blixt,Jonas",162lbs
,,USA,"Block,Michael",
4/24/73,"6'0""","Lewisburg,USA","Bohn,Jason",180lbs
3/18/76,"6'2""","Portland,USA","Bolli,Justin",200lbs
1/28/77,"6'2""","Cleveland,USA","Borchert,Matthew",185lbs
9/4/64,"6'0""","FortLauderdale,USA","Boros,Guy",275lbs
,"6'1""","Longueuil,CAN","Boudreau,Ben",191lbs
8/11/87,"6'2""",FRA,"Bouniol,Cyril",
4/25/82,"5'11""","Bordeaux,FRA","Bourdy,Gregory",154lbs
,,,"Bova,Matt",
6/8/83,"6'0""","Newcastle,AUS","Bowditch,Steven",200lbs
10/4/86,"6'1""","Banbury,ENG","Boyd,Gary",174lbs
5/22/91,,"Pittsford,USA","Bozzelli,Dominic",
6/7/86,"6'2""","Woodstock,USA","Bradley,Keegan",190lbs
7/17/66,"6'0""","Largo,USA","Bradley,Michael",200lbs
,"5'11""","CharlesTown,USA","Bradshaw,David",170lbs
4/7/88,"6'4""","Stanford,USA","Bramlett,Joseph",195lbs
,,USA,"Brand,Christian",
5/13/83,"5'9""","SanAntonio,USA","Brandt,Jimmy",
9/25/69,"5'10""","Oswego,USA","Branshaw,David",165lbs
,,USA,"Bray,Dustin",
12/28/78,"5'10""","NewSouthWales,AUS","Brazel,Sam",
4/5/86,"6'4""","Mt.Pleasant,USA","Brehm,Ryan",205lbs
,"6'1""","Salem,USA","Brewbaker,Fielding",215lbs
5/3/76,"6'4""","Clovis,USA","Brigman,DJ",195lbs
7/14/78,"6'1""","Albany,USA","Broadaway,Josh",175lbs
1/8/86,,SWE,"Broberg,Kristoffer",
2/7/77,"6'1""","Napoleon,USA","Broce,Jamie",200lbs
,,,"Brock,Josh",
1/5/87,"6'0""","Basildon,ENG","Brooks,Daniel",156lbs
3/25/61,"5'9""","Ft.Worth,USA","Brooks,Mark",150lbs
,"5'11""","Beaumont,USA","Broussard,Anthony",175lbs
6/18/82,"5'7""","Frankfort,USA","Brown,Brandon",160lbs
9/1/87,"5'7""","SanAntonio,USA","Brown,Christopher",165lbs
,"5'10""","Richardson,USA","Brown,Hunter",
2/9/75,"6'0""","LowerHutt,USA","Brown,Mark",170lbs
5/22/83,"5'8""","Augusta,USA","Brown,Scott",165lbs
5/9/79,"5'11""","Calgary,CAN","Brown,Ted",190lbs
5/22/59,"5'9""","Washington,USA","Browne,Olin",175lbs
4/1/92,"6'3""",FRA,"Brun,Julien",165lbs
,,USA,"Bryan,Wesley",
11/18/62,"6'0""","Gatesville,USA","Bryant,Bart",195lbs
9/24/82,"5'9""","Brisbane,AUS","Buckle,Andrew",180lbs
,,USA,"Bulle,Kent",
8/20/93,"6'1""","Harvey,USA","Bullington,Brian",180lbs
,,CAN,"Bunker,Dave",
2/23/73,,"Somerset,USA","Burgin,Kelvin",
6/2/87,"6'0""","TheWoodlands,USA","Burgoon,Bronson",175lbs
5/30/87,"6'1""","Kitchener,CAN","Burke,Cam",170lbs
6/2/89,"5'11""",ZWE,"Burmester,Dean",167lbs
4/5/68,"5'8""","MissionHills,USA","Burns,Bob",165lbs
9/9/74,"6'5""","Dallas,USA","Burns,Jeff",218lbs
,,"Shreveport,USA","Burns,Sam",
1/27/78,"5'9""","Anderson,USA","Byrd,Jonathan",165lbs
9/28/60,"5'10""","Onida,USA","Byrum,Tom",175lbs
,"5'10""",USA,"Cabra,Zach",
9/12/69,"6'0""","Cordoba,ARG","Cabrera,Angel",210lbs
6/5/89,"6'1""",ARG,"Cabrera,Frederico",
5/25/84,"6'1""","LasPalmas,ESP","CabreraBello,Rafael",179lbs
,"5'11""",ARG,"CabreraJr.,Angel",187lbs
5/10/64,"5'8""","Detroit,USA","Cairns,Brian",185lbs
6/12/60,"6'0""","Laurel,USA","Calcavecchia,Mark",240lbs
6/28/91,"5'8""",PRI,"Calvesbert,Robert",
3/6/93,,"Irvine,USA","Campbell,Brian",
5/31/74,"6'1""","Andrews,USA","Campbell,Chad",205lbs
,,USA,"Campbell,Matthew",
1/6/86,"5'11""","Caceres,ESP","Campillo,Jorge",176lbs
,,"WestEnd,USA","Camplin,Todd",
,"5'8""","Guaynabo,PRI","Campos,Rafael",
,,USA,"Campusano,Juan",
9/1/83,"5'11""","Madrid,ESP","Canizares,Alejandro",158lbs
,,USA,"Cannon,Will",
3/17/92,"5'10""","LongBeach,USA","Cantlay,Patrick",160lbs
,,CHN,"Cao,Yi",
,"5'2""","Stillwater,USA","Capan,Frankie",
4/14/90,"6'0""",DNK,"Cappelen,Sebastian",
3/22/79,"5'10""","BahiaBlanca,ARG","Carballo,MiguelAngel",176lbs
,"5'8""","Hyannis,USA","Carbone,Mike",160lbs
3/7/75,"6'2""",,"Carll,Kevin",195lbs
8/21/80,"5'11""","Vasteras,SWE","Carlsson,MagnusA",176lbs
7/25/72,"5'11""","Hyannis,USA","Caron,Jason",170lbs
6/26/90,"6'0""","St.Louis,USA","Carpenter,Alex",160lbs
,,,"Carr,David",
6/19/86,"6'1""","Victoria,CAN","Carrigan,Kevin",180lbs
6/24/61,"6'0""","SpringLake,USA","Carter,Jim",185lbs
,,USA,"Carter,Pat",
12/31/61,"6'1""","SanJose,USA","Casagranda,Gregory",185lbs
7/21/77,"5'10""","Cheltenham,ENG","Casey,Paul",180lbs
7/23/85,"6'0""","Houston,USA","Castro,Roberto",170lbs
3/16/90,"5'7""","DaytonaBeach,USA","Cauley,Bud",150lbs
8/15/89,"5'9""","Tampico,MEX","Cazaubon,RodolfoE.",
12/2/70,"5'8""","Marienbad,CZE","Cejka,Alex",168lbs
10/11/73,"6'0""","Sydney,AUS","Chalmers,Greg",200lbs
,,USA,"Champ,Cameron",
,,USA,"Chang,Derek",
,,USA,"Chaplet,Paul",
7/8/86,"6'0""","Fresno,USA","Chappell,Kevin",190lbs
5/15/78,"5'5""",IND,"Chawrasia,S.S.P.",
8/25/89,,ENG,"Chesters,Ashley",
11/11/72,"5'7""","KualaLumpur,MYS","Chia,Danny",165lbs
,,,"Chin,John",
5/4/92,"5'11""","Surrey,CAN","Choi,Albin",175lbs
5/27/84,"5'7""",KOR,"Choi,Jin-Ho",
5/19/70,"5'8""","Wando,KOR","Choi,K.J.",185lbs
12/23/73,"6'0""","Stockholm,SWE","Chopra,Daniel",180lbs
8/7/71,"5'8""","Carshalton,ENG","Christian,Gary",160lbs
11/2/90,,THA,"Chuayprakong,Thitiphun",
1/14/90,"5'9""","Fayetteville,USA","Chung,David",150lbs
,,,"Ciesielski,Victor",
5/21/73,"6'4""","Huntsville,USA","Cink,Stewart",205lbs
4/22/60,"5'10""","Monterey,USA","Clampett,Bobby",165lbs
12/17/75,"5'7""","Durban,ZAF","Clark,Tim",165lbs
,,USA,"Clark,Wyndham",
5/4/69,"5'10""","Kingsport,USA","ClarkII,Michael",180lbs
8/14/68,"6'2""","Dungannon,NIR","Clarke,Darren",215lbs
9/14/81,"5'10""","Swainsboro,USA","Claxton,Will",170lbs
9/1/59,"6'0""","LongBeach,USA","Clearwater,Keith",195lbs
8/14/63,"5'11""","Chaco,ARG","Coceres,Jose",170lbs
,,USA,"Cochran,Case",
10/31/58,"6'0""","Paducah,USA","Cochran,Russ",190lbs
7/18/86,"5'10""","Pretoria,ZAF","Coetzee,George",209lbs
5/18/90,"5'7""","BeverlyHills,USA","Cole,Eli",150lbs
10/19/68,"5'5""","Bathurst,AUS","Coles,Gavin",160lbs
6/6/96,,AUS,"Coletta,Brett",
9/20/78,"5'9""","Indianapolis,USA","Collins,Chad",165lbs
8/24/78,"5'10""","RapidCityc,USA","Collins,Will",175lbs
11/14/82,"5'10""","Brussels,BEL","Colsaerts,Nicolas",154lbs
11/11/79,"5'8""","Miami,USA","Compton,Erik",150lbs
7/2/75,"6'1""","Dallas,USA","Connell,Michael",195lbs
9/18/96,,"Dallas,USA","Connelly,Austin",
1/6/92,,"Listowel,CAN","Conners,Corey",
,,,"Constable,Donald",
3/13/91,"5'7""","Jonesboro,USA","Cook,Austin",
10/2/57,"6'0""","Toledo,USA","Cook,John",175lbs
4/8/61,"6'0""","Houston,USA","Cooper,Carl",192lbs
,,USA,"Cooper,Cory",
,,"SouthWindsor,USA","Corcoran,Rob",
9/21/90,"6'0""","Montreal,CAN","Cornellier,Jean-Philip",160lbs
,,USA,"Cornelson,Adam",
,,USA,"Corpening,Franklin",
3/19/79,"6'1""","Monroe,USA","Corr,Jeff",175lbs
5/1/73,"6'4""","FortLauderdale,USA","Couch,Chris",225lbs
3/16/86,,ENG,"Coupland,David",
10/3/59,"5'11""","Seattle,USA","Couples,Fred",185lbs
,,USA,"Couture,Rob",
3/6/76,"5'11""","Portland,USA","Crane,Ben",165lbs
,,USA,"Crawford,Chris",
1/11/52,"5'9""","Austin,USA","Crenshaw,Ben",157lbs
11/5/78,"6'2""",ITA,"Crespi,Marco",165lbs
,,USA,"Crick,Brandon",
,,USA,"Crouch,Timothy",
10/4/84,,AUS,"Cullen,Nick",
10/31/78,"5'8""","Redding,USA","Curl,Jeff",160lbs
1/9/43,"5'5""","Redding,USA","Curl,Rod",160lbs
2/17/87,,"Hopkinton,USA","Curran,Jon",
5/26/77,"5'11""","Columbus,USA","Curtis,Ben",175lbs
,,USA,"Cutler,Steve",
1/24/72,"5'9""","SantaCruzdoSul,BRA","DaSilva,Adilson",166lbs
11/11/87,"6'0""",USA,"Dahmen,Joel",160lbs
10/30/60,"6'3""","ChestnutHill,USA","Daley,Joe",159lbs
,"5'10""","Yukon,USA","Dalke,Brad",180lbs
4/28/66,"5'11""","Carmichael,USA","Daly,John",185lbs
,,USA,"Damesworth,David",
10/27/72,"5'8""","Pikeville,USA","Damron,Robert",180lbs
1/16/94,,"Osceola,USA","Danielson,Charlie",
,,USA,"Davan,Michael",
,,USA,"Davila,Guillermo",
8/2/74,"5'11""","London,ENG","Davis,Brian",185lbs
,,AUS,"Davis,Cameron",
11/17/63,"6'0""","Freising,DEU","Dawson,Marco",190lbs
11/16/65,"5'10""","Mobile,USA","Day,Glen",170lbs
11/12/87,"6'0""","Beaudesert,AUS","Day,Jason",165lbs
,,USA,"Day,Kelvin",
7/18/80,"6'0""","Harare,ZWE","deJonge,Brendon",230lbs
1/29/72,"5'10""","Brisbane,AUS","Deane,Stuart",185lbs
10/13/74,"6'2""","Montgomery,USA","Deason,Chip",220lbs
9/16/93,"6'1""","Clovis,USA","DeChambeau,Bryson",
1/22/82,"5'11""","Weyburn,CAN","DeLaet,Graham",165lbs
10/2/81,"5'7""","BreauxBridge,USA","Delahoussaye,Brent",155lbs
10/17/60,"6'5""","St.Louis,USA","Delsing,Jay",210lbs
1/3/74,"6'2""","Nijmegen,NLD","Derksen,Robert-Jan",183lbs
5/22/77,"5'10""","Lubbock,USA","DeVoll,Casey",160lbs
2/3/87,"5'6""","Veracruz,MEX","Diaz,Roberto",180lbs
5/6/81,"6'0""","Jacksonville,USA","Dickerson,Bubba",178lbs
8/23/68,"6'0""","Huntington,USA","DiMarco,Chris",180lbs
12/29/82,"6'1""","Dumfries,ENG","Dinwiddie,Robert",182lbs
12/19/77,"6'1""","Glasgow,SCT","Doak,Chris",196lbs
,,USA,"Dobyns,Matt",
5/6/84,"5'9""","Tulsa,USA","Dodson,Will",160lbs
1/26/86,"6'0""","Queensland,AUS","Dodt,Andrew",187lbs
12/6/87,"6'1""","Toronto,CAN","Doherty,Greg",180lbs
9/9/92,"5'6""","Santiago,CHL","Dominguez,Matias",
12/7/77,"5'9""","HemelHempstead,ENG","Donald,Luke",160lbs
10/19/75,"5'11""","Pontypridd,WLS","Donaldson,Jamie",174lbs
,"5'10""",USA,"Dorn,Andrew",180lbs
,,USA,"Dou,Ze-cheng",
5/10/91,,USA,"Dougherty,Kevin",
,,"Norfolk,USA","Dougherty,Sean",
,,USA,"Downes,Billy",
,,USA,"Downs,Dennis",
7/6/73,"6'0""","Tredegar,WLS","Dredge,Bradley",168lbs
11/24/90,,AUS,"Drewitt,Brett",
10/9/77,"6'0""","Boston,USA","Driscoll,James",190lbs
,"6'0""","Kimberly,CAN","DuToit,Jared",
4/22/90,"6'1""","Nice,FRA","Dubuisson,Victor",
3/24/77,"5'10""","Cleveland,USA","Dufner,Jason",180lbs
3/14/83,,"Brewster,USA","Dugas,Eric",
1/29/69,"6'1""","Hope,USA","Duke,Ken",205lbs
,,USA,"Dunbar,Alan",
7/13/89,,USA,"Duncan,Tyler",
8/16/63,"5'11""","Pittsburgh,USA","Dunlap,Scott",180lbs
4/17/93,"6'1""","Scottsdale,USA","Dunlap,Tyler",183lbs
11/26/92,,"Dublin,IRL","Dunne,Paul",
4/7/64,"5'10""","Pensacola,USA","Durant,Joe",170lbs
11/9/71,"6'0""","Jacksonville,USA","Duval,David",180lbs
12/21/77,"6'0""","York,ENG","Dyson,Simon",168lbs
,,,"Earnest,Paul",
,,COL,"Echavarria,Andres",
4/13/79,"5'8""","Jonkoping,SWE","Edberg,Pelle",168lbs
,,USA,"Edmondson,Zach",
,"6'3""","Saskatoon,CAN","Eger,Kent",190lbs
,"5'10""","Boone,USA","Eggers,Jacob",220lbs
9/3/43,"6'1""","Waco,USA","Eichelberger,Dave",195lbs
3/17/75,"6'3""","Tulsa,USA","Elder,Brad",175lbs
12/8/62,"6'2""","Inverell,AUS","Elkington,Steve",190lbs
10/17/69,"6'3""","Johannesburg,ZAF","Els,Ernie",220lbs
,,USA,"Elvira,Nacho",
7/23/89,"6'3""","Valdosta,USA","English,Harris",185lbs
6/16/88,"5'11""","Cardiff,WLS","Enoch,Rhys",
10/27/82,"5'9""","Savannah,USA","Epperson,Chris",145lbs
,,USA,"Erdmann,Scott",
5/16/90,"6'0""","Woodland,USA","Ernst,Derek",170lbs
,"6'2""",USA,"Esposito,Frank",
2/2/66,"6'2""","Graham,USA","Estes,Bob",180lbs
4/30/72,,PRI,"Esteve,Jeronimo",
9/22/84,"6'2""","BahiaBlanca,ARG","Estevez,Joaquin",13lbs
6/21/88,"5'8""",ARG,"Etulain,Julian",
,,,"Evanecz,Mitch",
9/18/61,,"Paterson,USA","Evans,Barry",
3/15/88,,"FederalWay,USA","Evans,Christopher",170lbs
3/27/87,,ENG,"Evans,Ryan",
12/4/83,"5'11""","DaytonaBeach,USA","Every,Matt",200lbs
,"6'1""","WinstonSalem,USA","Faidley,John",185lbs
7/18/57,"6'3""","WelwynGardenCity,GBR","Faldo,SirNick",195lbs
3/25/88,,WLS,"Farr,Oliver",
12/15/86,"5'8""","BatonRouge,USA","Fast,Matt",
4/29/72,"5'11""","Gothenburg,SWE","Fasth,Niclas",169lbs
1/20/86,,"JensenBeach,USA","Fathauer,Derek",
8/1/61,"6'1""","Oceanport,USA","Faxon,Brad",190lbs
,,AUS,"Ferguson,Ben",
8/3/92,,ESP,"Fernandez,Scott",
10/13/80,"6'1""","Madrid,ESP","Fernandez-Castano,Gonzalo",187lbs
6/8/92,"5'11""","Cordoba,ARG","Fernandez-Valdes,Jorge",150lbs
,,"Fairmont,USA","Ferrell,Jess",
,"6'0""","Barrie,CAN","Ferrier,Branson",160lbs
5/13/75,"5'8""","Pretoria,ZAF","Fichardt,Darren",172lbs
2/22/53,"6'0""","Enid,USA","Fiedler,Jon",220lbs
,"5'7""",USA,"Fields,Jack",
,,"Naples,USA","Figueroa,Edward",
,"6'4""","Lehi,USA","Finau,Tony",200lbs
6/9/77,"6'2""","Hull,ENG","Finch,Richard",202lbs
8/9/89,"6'1""","Texarkana,USA","Fischer,Zack",175lbs
9/19/88,"6'1""","London,ENG","Fisher,Oliver",179lbs
11/22/80,"6'3""","Ascot,ENG","Fisher,Ross",168lbs
6/8/79,"6'5""","Johannesburg,ZAF","Fisher,Trevor",180lbs
,,USA,"Fitzgerald,Caine",
1/9/94,"5'10""","Sheffield,ENG","Fitzpatrick,Matthew",140lbs
6/13/84,"5'10""","Newcastle,AUS","Flanagan,Nick",145lbs
1/19/91,"6'1""","Southport,ENG","Fleetwood,Tommy",
5/23/67,"5'11""","Cincinnati,USA","Flesch,Steve",165lbs
,"6'1""","Ljungskile,SWE","Floren,Oscar",
,"5'11""","GrassValley,USA","Flores,Erik",170lbs
2/17/82,"6'0""","FortWorth,USA","Flores,Martin",180lbs
,,USA,"Fly,Jonathon",
5/24/87,"6'2""","NewBrunswick,USA","Foley,Kevin",185lbs
10/13/88,"5'9""","Anaheim,USA","Fowler,Rickie",150lbs
9/23/87,"5'8""","LosAngelas,USA","Fox,Ben",145lbs
,,NZL,"Fox,Ryan",
1/14/91,"6'3""",USA,"Fox,Steven",160lbs
5/24/65,"5'9""","Asuncion,PRY","Franco,Carlos",165lbs
3/1/72,"6'1""","Youngstown,USA","Frank,Garrett",185lbs
7/26/78,"6'0""","Corowa,AUS","Fraser,Marcus",197lbs
,"6'0""","MexicoCity,MEX","Fraustro,Oscar",165lbs
7/29/71,"6'0""","Dallas,USA","Frazar,Harrison",190lbs
5/7/59,"6'0""","St.Charles,USA","Freeman,Robin",180lbs
11/9/77,"5'10""","Edmonton,CAN","Fritsch,Brad",215lbs
5/1/83,"5'9""",USA,"Frost,Charles",150lbs
9/11/59,"5'11""","CapeTown,ZAF","Frost,David",195lbs
1/8/91,"5'1""","Honolulu,USA","Fujikawa,Tadd",135lbs
10/25/89,"5'5""","NaraPrefecture,JPN","Fujimoto,Yoshinori",150lbs
6/16/69,"5'6""","Tokyo,JPN","Fujita,Hiroyuki",154lbs
,,MYS,"Fung,Nicholas",
6/14/56,"5'8""","TakomaPark,USA","Funk,Fred",165lbs
5/12/70,"6'2""","WestChester,USA","Furyk,Jim",185lbs
,"6'2""","Portland,USA","Gabriel,Tye",
,,"Rumson,USA","Gaffney,Brian",
8/13/75,"6'0""","Bishopville,USA","Gainey,Tommy",181lbs
11/1/74,"6'2""","Dechmont,SCT","Gallacher,Stephen",192lbs
12/29/64,"6'0""","Marion,USA","Gallagher,Jeff",185lbs
3/24/61,"6'0""","Johnstown,USA","GallagherJr.,Jim",200lbs
7/21/68,"5'9""","LasVegas,USA","Gamez,Robert",180lbs
9/6/75,"5'8""","Marysville,USA","Gangluff,Stephen",200lbs
8/29/91,"5'9""","Petoskey,USA","Garber,Joey",180lbs
,,USA,"Garcia,Jorge",
1/9/80,"5'10""","Castellon,ESP","Garcia,Sergio",160lbs
,,ESP,"GarciaPinto,Jordi",
3/22/76,"5'11""","Liverpool,AUS","Gardiner,Scott",182lbs
,,USA,"Gardner,Tom",
,,,"Garmendia,Alejandro",
9/6/83,"5'11""","Gallatin,USA","Garnett,Brice",175lbs
5/31/94,"6'1""","Chicago,USA","Garrick,Jonathan",180lbs
11/11/77,"5'11""","Nampa,USA","Garrigus,Robert",190lbs
,,"Jupiter,USA","Garrity,Ryan",
,,USA,"Garza,Dustin",
12/31/85,"6'6""","Gainesville,USA","Gates,Bobby",225lbs
6/10/85,"6'3""","Columbus,USA","Gatto,C.J.",180lbs
12/14/71,"5'10""","Ft.Worth,USA","Gay,Brian",155lbs
5/22/68,"6'4""","SantaBarbara,USA","Geiberger,Brent",200lbs
,,ITA,"Geminiani,Domenico",
12/12/91,"6'0""","Woodland,USA","Geyer,Ben",175lbs
,,USA,"Gibb,Judd",
2/1/86,,AUS,"Gibson,Rhein",
,,USA,"Gilchrest,Matt",
6/6/78,"5'9""","Oshawa,CAN","Gillespie,Derek",175lbs
,,USA,"Gilley,Chris",
7/16/68,"6'0""","Pontiac,USA","Gillis,Tom",200lbs
9/22/86,"5'11""","ThousandOaks,USA","Gilman,Chris",160lbs
8/25/56,"6'0""","Zanesville,USA","Gleeton,Tom",175lbs
11/19/89,"6'4""","Burlington,CAN","Gligic,Michael",185lbs
11/12/79,"6'2""","Greenville,USA","Glover,Lucas",195lbs
4/24/88,,"BuenosAires,ARG","Godoy,Maximiliano",
,,"NewOrleans,USA","Goff,Drew",
6/13/74,"6'0""","Hobart,AUS","Goggin,Mathew",185lbs
7/19/85,"5'8""","Encinitas,USA","Goldberg,Aaron",155lbs
,,"Grapevine,USA","Golding,Kevin",
10/27/78,"5'8""","Resistencia,ARG","Gomez,Fabian",160lbs
5/16/83,"6'2""","Olympia,USA","Gonzales,Andres",210lbs
,,USA,"Gonzalez,Geoff",
10/24/69,"6'0""","Corrientes,ARG","Gonzalez,Ricardo",206lbs
11/14/91,"6'0""","MidwestCity,USA","Gooch,Talor",
2/3/69,"5'11""","Pietersburg,ZAF","Goosen,Retief",185lbs
5/1/81,"6'0""","Sacramento,USA","Gordon,Scott",170lbs
5/17/74,"6'1""","VanNuys,USA","Gore,Jason",235lbs
4/12/94,"6'2""","Perth,AUS","Goss,Oliver",175lbs
4/28/79,"5'10""","Phoenix,USA","Gossett,David",175lbs
8/6/91,,PRT,"Gouveia,Ricardo",
5/28/71,"6'2""","Seattle,USA","Gove,Jeff",180lbs
6/1/88,"5'11""","Cordoba,ARG","Goya,Estanislao",169lbs
6/20/64,"5'9""","LongBeach,USA","Goydos,Paul",190lbs
5/20/88,"6'0""","Pretoria,ZAF","Grace,Branden",171lbs
,,USA,"Grant,Brent",
,,USA,"Green,Garland",
12/28/93,,MYS,"Green,Gavin",
11/26/89,"5'9""","Evensvile,USA","Green,Hunter",
5/13/75,"5'8""","Newcastle,AUS","Green,Nathan",175lbs
2/19/71,"6'2""","Melbourne,AUS","Green,Richard",176lbs
,"5'10""",CAN,"Greenwell,Robbie",170lbs
,,USA,"Gregory,Scott",
,,USA,"Greyserman,Max",
9/20/90,"5'9""","Dallas,USA","Gribble,Cody",
7/26/83,"6'2""","Melbourne,AUS","Griffin,Matthew",177lbs
,,USA,"Griffith,Glen",
1/15/73,"5'10""","Addlestone,ENG","Griffiths,Simon",142lbs
9/14/92,,"Resistencia,ARG","Grillo,Emiliano",
,,USA,"Grimmer,Will",
3/12/70,"6'0""","Stockholm,SWE","Gronberg,Mathias",185lbs
,,,"Guerrero,Estanisiao",
,"5'11""","Paris,FRA","Guillaume,Vaita",158lbs
,,"Dornoch,SCT","Gunn,Jimmy",
1/31/90,"6'0""","Quincy,USA","Guthrie,Luke",175lbs
10/1/76,"6'0""","Omaha,USA","Gutschewski,Scott",260lbs
5/24/82,"6'2""","Charlotte,USA","Haas,Bill",185lbs
9/16/63,"5'10""","Belleville,USA","Haas,Jerry",170lbs
11/24/76,"6'1""","Jasper,USA","Habig,Josh",170lbs
,"6'0""",USA,"Hack,Jhared",185lbs
,,"Sarnia,CAN","Hadley,Brian",
7/5/87,"6'4""","Raleigh,USA","Hadley,Chesson",165lbs
11/2/87,"5'9""","Abbotsford,CAN","Hadwin,Adam",157lbs
,,USA,"Hagestad,Stewart",
3/21/91,,"SantaMonica,USA","Hagy,Brandon",
11/2/81,"6'1""","Seoul,KOR","Hahn,James",180lbs
2/6/89,"5'10""","Hudson,USA","Hahn,John",175lbs
,,USA,"HaleyII,Paul",
,,"Pittsford,USA","Hall,Gavin",
,"5'11""","Cincinnati,USA","Hall,Kevin",
,,USA,"Hallberg,Eric",
10/12/93,,"Burlington,CAN","Hamilton,Blair",
10/18/65,"6'1""","Galesburg,USA","Hamilton,Todd",195lbs
,,"Houston,USA","Hammer,Cole",
4/1/57,"5'10""","Frederick,USA","Hammond,Donnie",170lbs
5/5/81,"5'11""","Garrett,USA","Hampshire,Travis",180lbs
,,USA,"Hamrick,Hunter",
,,USA,"Han,Seungsu",
8/18/90,,DNK,"Hansen,JoachimB",
3/21/74,"6'0""","Copenhagen,DNK","Hansen,Soren",172lbs
5/8/85,"6'0""",GBR,"Hanson,Chris",182lbs
10/4/77,"6'3""","Svedala,SWE","Hanson,Peter",187lbs
,,"Northbrook,USA","Hardy,Nick",
,,USA,"Harkins,Brandon",
1/19/87,"5'7""","Savannah,USA","Harman,Brian",150lbs
8/31/71,"6'1""","Dublin,IRL","Harrington,Padraig",196lbs
11/16/80,"6'1""","Eugene,USA","Harrington,Scott",175lbs
,,"Tampa,USA","Harris,Ty",
,,USA,"Hart,Adam",
8/4/68,"5'10""","Rochester,USA","Hart,Dudley",190lbs
5/5/60,"5'9""","Pomona,USA","Hart,Jeff",150lbs
,"6'4""",USA,"Harvey,Scott",190lbs
,,USA,"Hatton,Tyrrell",
,,,"Hattori,Richard",
11/25/76,"6'1""","LaRochelle,FRA","Havret,Gregory",181lbs
6/23/62,"5'6""","Hilo,USA","Hayashi,Kevin",180lbs
8/2/65,"6'0""","Appleton,USA","Hayes,J.P.",185lbs
,,"MillerPlace,USA","Hazen,James",
6/17/79,"6'1""","Brampton,CAN","Hearn,David",170lbs
3/17/83,"6'0""","London,ENG","Heath,James",152lbs
12/17/90,"6'3""","Orlando,USA","Hebert,Michael",
1/20/70,"6'0""","Gavle,SWE","Hedblom,Peter",191lbs
1/17/67,"6'1""","Rayne,USA","Heinen,Mike",215lbs
5/1/70,"6'0""","Syosset,USA","Heintz,Bob",210lbs
,,"Appleton,USA","Helminen,Ryan",
12/14/92,,"Kitchener,CAN","Hemmerich,Chris",
8/15/73,"6'0""","Townesville,AUS","Hend,Scott",170lbs
,"6'1""",NZL,"Hendry,Michael",
11/25/64,"6'0""","BattleCreek,USA","Henke,Nolan",165lbs
7/19/60,"5'11""","Chattanooga,USA","Henley,Kip",
4/12/89,"6'0""","Macon,USA","Henley,Russell",185lbs
4/2/75,"6'3""","Fairfield,USA","Henry,J.J.",190lbs
6/29/72,"5'8""","Melbourne,AUS","Hensby,Mark",150lbs
4/7/79,,USA,"Henson,Berry",
11/5/77,"6'0""","Cincinnati,USA","Herman,Jim",170lbs
2/6/70,"5'10""","Minneapolis,USA","Herron,Tim",210lbs
,,USA,"Hickok,Kramer",
10/28/74,"6'3""","Wyandotte,USA","Hicks,Justin",200lbs
12/1/72,"5'11""","Cork,IRL","Higgins,David",168lbs
9/12/88,"5'11""","Sarnia,CAN","Hill,Matt",
,"6'0""",,"Hinton,Phil",
7/25/88,"6'2""","UpperArlington,USA","Hoag,Bo",185lbs
9/29/95,,NZL,"Hocknull,Craig",
2/13/79,"6'0""","Belfast,NIR","Hoey,Michael",168lbs
12/27/76,"6'0""","SanDiego,USA","Hoffman,Charley",200lbs
8/11/89,"6'1""","FranklinLakes,USA","Hoffmann,Morgan",180lbs
,,USA,"Hoge,Tom",
4/23/86,"5'7""","Dallas,USA","Holland,Charlie",180lbs
4/19/91,,AUS,"Holman,Nathan",
,"5'11""","Knoxville,USA","Holmes,David",170lbs
4/26/82,"5'11""","Campbellsville,USA","Holmes,J.B.",190lbs
6/29/72,"5'10""","Oxnard,USA","Holmes,Steve",175lbs
11/19/90,"6'2""","Valencia,USA","Homa,Max",175lbs
2/11/84,"6'0""",USA,"Homan,Wes",175lbs
,,USA,"Honeck,Creighton",
,,"Phoenix,USA","Hopper,Michael",
12/7/86,"6'0""","Melbourne,USA","Horschel,Billy",165lbs
4/14/85,"5'10""","Stockport,ENG","Horsey,Dave",154lbs
,,ENG,"Horsfield,Sam",
3/16/95,"5'9""","MissionViejo,USA","Hossler,Beau",150lbs
,,ENG,"Howard,Paul",
,,USA,"Howe,T.J.",
6/23/75,"6'1""","Swindon,ENG","Howell,David",175lbs
6/20/79,"5'11""","Augusta,USA","HowellIII,Charles",155lbs
8/1/70,,"Cincinnati,USA","Hronek,David",
,,,"Hrynkiw,Jason",
,"6'1""","ShenZhen,CHN","Hu,Mu",
2/1/81,"5'8""",CHN,"Huang,Ming-jie",
,,CHN,"Huang,Wen-Yi",
,,USA,"Hubbard,Mark",
,,USA,"Hudson,Bobby",
,,USA,"Hughes,Mackenzie",
5/21/90,"6'0""","NewYork,USA","Huh,John",190lbs
10/22/90,,NLD,"Huizing,Daan",
5/27/87,"6'4""","Valentine,USA","Hurley,John",200lbs
6/9/82,"5'10""","Leesburg,USA","HurleyIII,Billy",170lbs
6/1/61,"5'10""","Mt.Vernon,USA","Huston,John",155lbs
8/16/82,"6'1""","Columbus,USA","Hutchins,Jesse",185lbs
6/2/87,"6'2""","CorpusChristi,USA","Hutchison,Randall",225lbs
,,,"Hutsell,David",
,,,"Hutton,Brian",
,,USA,"Huxman,Greg",
5/16/92,"5'10""",KOR,"Hwang,Jung-Gon",170lbs
5/29/82,"5'7""","Tokyo,JPN","Ichihara,Kodai",155lbs
4/1/92,,USA,"Ihm,Steven",
,,JPN,"Ikeda,Yuta",
12/18/79,"6'1""","Lahiti,FIN","Ilonen,Mikko",183lbs
10/19/76,"5'8""","Hiroshima,JPN","Imada,Ryuji",150lbs
10/2/92,"5'4""","Saitama,JPN","Imahira,Shugo",
12/16/79,"5'9""","CapeTown,ZAF","Immelman,Trevor",178lbs
10/9/84,"5'11""","Tustin,USA","Imondi,Paul",175lbs
,,USA,"India,Vince",
8/21/90,"6'1""","Selangor,MYS","IrawanFauzi,Arie",
9/17/91,"5'9""","Saitama,JPN","Ishikawa,Ryo",155lbs
2/21/73,"6'1""","Seremban,MYS","Ismail,Rashid",
1/31/81,"6'0""","Miyagi,JPN","Iwata,Hiroshi",160lbs
3/4/54,"6'2""","Portland,USA","Jacobsen,Peter",215lbs
9/26/74,"6'1""","Gothenburg,SWE","Jacobson,Freddie",178lbs
5/8/74,"5'11""","Lyon,FRA","Jacquelin,Raphael",163lbs
,,USA,"Jaeger,Stephan",
11/8/69,"5'7""","LopBuri,THA","Jaidee,Thongchai",138lbs
,,USA,"Jamerson,Faber",
11/26/95,"5'8""","Bangkok,THA","Janewattananond,Jazz",143lbs
10/22/88,"5'11""","Seoul,KOR","Jang,Dong-kyu",150lbs
3/26/88,,KOR,"Jang,Ik-jae",
,"5'10""",USA,"Janneck,Frederick",
8/28/64,"6'0""","Austin,USA","Janzen,Lee",175lbs
11/25/75,"5'9""",AUS,"Jeffress,Steven",182lbs
,"6'3""",USA,"Jenkins,Carter",165lbs
6/9/84,"6'2""",DNK,"Jensen,Lasse",
,,PAK,"Jeong,Jin",
,,,"Jertson,Marty",
1/5/64,"5'10""","Malaga,ESP","Jimenez,MiguelAngel",162lbs
6/3/98,,CHN,"Jin,Cheng",
8/1/65,"5'11""","OklahomaCity,USA","Jobe,Brandt",180lbs
,,USA,"Johnson,Audie",
6/22/84,"6'4""","Columbia,USA","Johnson,Dustin",190lbs
4/25/67,"6'0""","Plymouth,USA","Johnson,Kevin",200lbs
,,"Birmingham,USA","Johnson,Michael",
,,"RiverFalls,USA","Johnson,Neil",
10/15/76,"5'7""","Stockholm,SWE","Johnson,RichardS",145lbs
8/19/81,"6'2""","Sacramento,USA","Johnson,Tom",180lbs
2/24/76,"5'11""","CedarRapids,USA","Johnson,Zach",160lbs
2/18/89,"5'9""",ENG,"Johnston,Andrew",211lbs
,,"BaskingRidge,USA","Jones,Brett",
1/8/67,"5'8""","Portales,USA","Jones,Kent",150lbs
7/15/93,"5'10""","Victorville,USA","Jones,Kyle",
4/19/80,"6'0""","Sydney,AUS","Jones,Matt",170lbs
,,AUS,"Jones,Steven",
,,USA,"Jordan,Austin",
,,"Toronto,CAN","Jung,Richard",
4/7/85,,"Sacramento,USA","Justesen,Erick",
,"6'0""",USA,"Juszczyk,Joseph",190lbs
2/13/82,"6'0""","Espoo,FIN","Kakko,Roope",170lbs
10/2/68,"5'9""","Portland,USA","Kanada,Craig",150lbs
6/24/90,"5'10""","SanFrancisco,USA","Kang,Alex",160lbs
6/4/87,"5'8""","Jeju,KOR","Kang,Sung-Hoon",165lbs
2/12/82,"5'10""","NewDehli,IND","Kapur,Shiv",163lbs
12/1/86,"5'11""","Gothenburg,SWE","Karlberg,Rikard",161lbs
,,,"Karlsson,Jeff",
9/3/69,"6'5""","Katrineholm,SWE","Karlsson,Robert",198lbs
,,USA,"Kataoka,Daisuke",
5/2/66,"6'0""","Arlington,USA","Kaufman,Chris",190lbs
3/23/92,"6'1""","Birmingham,USA","Kaufman,Smylie",
6/25/93,"5'6""",JPN,"Kawamura,Masahiro",159lbs
8/2/70,"5'10""","Denver,USA","Kaye,Jonathan",165lbs
12/28/84,"6'0""","Dusseldorf,DEU","Kaymer,Martin",165lbs
,,,"Kearney,Thomas",
11/23/66,"5'11""","Madison,USA","Kelly,Jerry",165lbs
12/15/92,"5'9""","Bradenton,USA","Kelly,Sean",175lbs
8/2/78,"6'2""","Tacoma,USA","Kelly,Troy",210lbs
9/9/64,"5'8""","Milwaukee,USA","Kendall,Skip",150lbs
,,USA,"Kennedy,Blake",
,"5'10""","Woodland,USA","Kennedy,RyanB.",200lbs
,,,"Kennerly,Billy",
6/16/72,"6'3""","Epping,WLS","Khan,Simon",196lbs
5/3/99,,THA,"Khongwatmai,Phachara",
,,DEU,"Kieffer,Maximilian",
10/22/81,"6'1""","SanDiego,USA","Killeen,J.J.",190lbs
,,USA,"Killpack,Nick",
,"5'9""","Fullerton,USA","Kim,Alex",140lbs
6/19/85,"5'10""","LosAngeles,USA","Kim,Anthony",160lbs
8/21/90,"6'0""","Seoul,KOR","Kim,Bi-o",178lbs
,,,"Kim,Bo",
,,USA,"Kim,Chan",
5/12/80,"5'8""",KOR,"Kim,Hyung-Sung",
9/27/77,,KOR,"Kim,Hyung-Tae",
2/9/86,"5'10""","KangwonProvince,KOR","Kim,K.T.",160lbs
,,,"Kim,Kenny",
,,USA,"Kim,Lion",
7/14/93,"5'11""","DelMar,USA","Kim,Michael",150lbs
,,USA,"Kim,SiWoo",
,,KOR,"Kim,Sihwan",
2/22/92,"5'11""","Seoul,KOR","Kim,Whee",172lbs
,"6'0""","Hillard,USA","Kinkopf,Michael",179lbs
,,ENG,"Kinnear,Paul",
5/8/85,"6'3""","Knoxville,USA","Kirk,Chris",175lbs
2/15/84,"5'10""","Aiken,USA","Kisner,Kevin",165lbs
1/14/93,"5'7""","Chico,USA","Kitayama,Kurt",155lbs
3/3/86,,"Tuscaloosa,USA","Kizzire,Patton",
5/17/75,"5'7""","Arhos,DNK","Kjeldsen,Soren",147lbs
,"5'11""","CostaMesa,USA","Knapp,Jake",160lbs
,"6'1""","Naperville,USA","Knoll,Raymond",
6/26/85,"5'9""","Cleveland,USA","Knost,Colt",215lbs
,,USA,"Knous,Jim",
6/21/85,"5'10""","Inverness,SCT","Knox,Russell",155lbs
1/24/76,"5'11""","Lubbock,USA","Knutzon,Jason",160lbs
,,JPN,"Kobayashi,Masanori",
9/11/89,"5'6""","Tokyo,JPN","Kodaira,Satoshi",154lbs
5/3/90,"6'0""","Wellington,USA","Koepka,Brooks",186lbs
8/11/87,"6'2""","Oslo,NOR","Kofstad,Espen",170lbs
2/24/90,"6'2""","Dallas,USA","Kohles,Ben",170lbs
3/19/80,"6'0""",ZAF,"Kok,Johan",
5/22/85,"6'4""","NorthBay,CAN","Kokrak,Jason",225lbs
6/17/77,"5'6""","Tokai,JPN","Kondo,Tomohiro",130lbs
7/23/80,"5'8""","Helsinki,FIN","Korhonen,Mikko",168lbs
,,"PalmBeachGardens,USA","Kozan,Andrew",
4/4/64,"5'11""","Detroit,USA","Kraft,Greg",180lbs
,,USA,"Kraft,Kelly",
6/26/52,"6'1""","Quantico,USA","Kratzert,Billy",205lbs
10/3/68,"6'0""","Lakewood,USA","Kresge,Cliff",185lbs
,,USA,"Krueger,Aaron",
,"5'9""","Lihue,USA","Kua,T.J.",
6/21/78,"6'4""","WinterPark,USA","Kuchar,Matt",195lbs
9/11/75,"6'2""","Dallas,USA","Kuehne,Hank",205lbs
8/15/71,,"Omaha,USA","Kurmel,Chad",
4/15/83,"6'0""","Brisbane,AUS","La'Cassie,Bronson",
1/19/75,"5'10""","Lansing,USA","LaBelleII,Doug",165lbs
,,,"Labritz,Rob",
11/8/88,"6'1""",IND,"Lahiri,Anirban",185lbs
12/29/82,"6'2""","Glasgow,SCT","Laird,Martin",190lbs
,,"SouthBend,USA","Lamb,Rick",180lbs
7/12/80,"6'0""","Belleville,USA","Lamely,Derek",175lbs
6/27/85,"5'9""","Izmir,TUR","Lamontagne,Steve",185lbs
9/13/62,"6'0""","Smithfield,USA","Lancaster,Neal",170lbs
8/7/87,"5'7""","Groves,USA","Landry,Andrew",155lbs
5/15/95,,FRA,"Langasque,Romain",
8/27/57,"5'9""","Anhausen,DEU","Langer,Bernhard",160lbs
4/28/89,"5'10""","Manchester,USA","Langley,Scott",160lbs
4/29/65,"5'9""","NewYork,USA","Lardon,Brad",170lbs
5/15/83,"5'10""","Barcelona,ESP","Larrazabal,Pablo",173lbs
12/26/70,,"Manila,PHL","Lascuna,Antonio",
1/1/69,"5'11""","Aberdeen,SCT","Lawrie,Paul",198lbs
3/22/74,"6'0""","Dublin,IRL","Lawrie,Peter",154lbs
12/17/82,"5'10""","Toronto,CAN","Laws,Peter",175lbs
2/12/86,"6'7""","Pasdena,USA","Leaver,Grant",195lbs
5/15/78,"5'11""","PalmBeach,USA","LeBrun,Steve",175lbs
,,,"Ledesma,NelsonLautaro",
5/18/89,"5'9""",KOR,"Lee,BeonYeong",150lbs
11/17/93,,KOR,"Lee,Chang-woo",
5/9/77,"5'11""","Stirling,SCT","Lee,Craig",185lbs
7/24/90,"6'0""","Seoul,KOR","Lee,Danny",170lbs
9/4/87,"5'10""","Seoul,KOR","Lee,DongHwan",174lbs
9/2/77,"6'3""","Seoul,KOR","Lee,Han",200lbs
6/12/86,"6'1""","Seoul,KOR","Lee,Junhak",174lbs
,,USA,"Lee,KiTaek",
8/24/91,"5'10""",KOR,"Lee,Kyoung-hoon",
6/18/87,"5'8""","SaoPaulo,BRA","Lee,Lucas",165lbs
5/4/87,"5'9""","Chicago,USA","Lee,RichardH.",170lbs
,"6'1""","Vancouver,CAN","Lee,RichardT.",154lbs
,,USA,"Lee,Sang-hee",
10/12/93,,KOR,"Lee,Soomin",
,,USA,"Lee,Steve",
,,USA,"Lee,Walker",
9/23/65,"6'0""","Cambridge,CAN","Leggatt,Ian",170lbs
3/7/59,"6'2""","Austin,USA","Lehman,Tom",215lbs
10/24/83,"6'2""","Warrnambool,AUS","Leishman,Marc",200lbs
6/2/84,,"GrossPointeShores,USA","Lenahan,Ryan",
11/12/84,"5'11""","Santiago,CHL","Leon,Hugo",172lbs
6/15/72,"5'9""","Dallas,USA","Leonard,Justin",170lbs
1/20/86,"5'10""","Sabah,MYS","Leong,Ben",150lbs
5/7/80,"6'3""","Richmond,USA","Letzig,Michael",183lbs
1/25/74,,"Price,CAN","Levesque,Dave",
9/5/68,"5'9""","Paris,FRA","Levet,Thomas",160lbs
6/15/84,"5'10""","Sacramento,USA","Levin,Spencer",155lbs
8/1/90,"6'0""",FRA,"Levy,Alexander",190lbs
,,USA,"Lewallen,Rick",
7/18/60,"6'4""","Emporia,USA","Lewis,J.L.",210lbs
,,,"Lewis,Randal",
2/2/90,,ENG,"Lewis,Tom",
,"6'2""",ENG,"Lewton,Steve",
3/8/95,"6'0""","Hunan,CHN","Li,Hao-Tong",165lbs
8/2/78,"5'8""","Zhongshan,CHN","Liang,Wen-Chong",160lbs
7/28/69,"6'1""","Middletown,USA","LickliterII,Frank",185lbs
,"6'0""","Massillion,USA","Light,Tyler",193lbs
,"5'10""",USA,"Lim,Thomas",
11/9/84,"6'2""","MissionViejo,USA","Lindheim,Nicholas",170lbs
7/22/87,"5'8""","Tranas,SWE","Lingmerth,David",175lbs
7/14/88,"5'11""","LosAngeles,USA","Lipsky,David",165lbs
1/14/85,"6'2""","Seattle,USA","List,Luke",180lbs
,,,"LittleII,JohnC.",
,,USA,"Littrell,Don",
,,USA,"Liu,Yan-Wei",
11/15/77,"6'4""","Dallas,USA","Loar,Edward",215lbs
,,USA,"Locke,Brian",
,,USA,"Lombard,Zander",
7/17/67,"6'0""","Sydney,AUS","Lonard,Peter",215lbs
10/3/88,"6'1""","Mandeville,USA","Looper,Ken",
8/3/87,,"Galveston,USA","Lopez,Lance",
11/22/88,"6'1""","BatonRouge,USA","Loupe,Andrew",175lbs
3/16/92,"5'10""","Trussville,USA","Love,Sam",
,"6'5""","SeaIsland,USA","Love,Dru",190lbs
4/13/64,"6'3""","Charlotte,USA","LoveIII,Davis",175lbs
,,USA,"LoveIV,Davis",
1/23/88,"6'4""","RanchoSantaFe,USA","Lovemark,Jamie",210lbs
,,,"Lowe,Cortland",
,"6'2""",,"Lowe,Mitch",
,,USA,"Lower,Justin",
,,IRL,"Lowery,Shane",
10/12/60,"6'2""","Birmingham,USA","Lowery,Steve",230lbs
,,USA,"Lowry,Randy",
4/2/87,"6'0""","Clara,IRL","Lowry,Shane",
,,"Honolulu,USA","Lu,Shawn",
,"5'9""","Sacramento,USA","Lucas,Kevin",155lbs
8/9/96,,AUS,"Luck,Curtis",
1/7/86,"5'10""","Bleiswijk,NLD","Luiten,Joost",155lbs
11/29/62,"6'0""","Madrid,ESP","Luna,Santiago",176lbs
11/18/75,"6'1""","SanDiego,USA","Lunde,Bill",220lbs
4/25/85,"6'4""","Adelaide,AUS","Lutterus,David",220lbs
8/21/81,"6'2""","Shepparton,AUS","Lyle,Jarrod",235lbs
2/9/58,"6'0""","Shrewbury,GBR","Lyle,Sandy",187lbs
10/20/73,"6'3""","Billinge,ENG","Lynn,David",168lbs
,"6'2""","LittleRock,USA","Mabrey,Matt",
9/28/74,"5'11""","Greenville,USA","MacKenzie,Will",170lbs
,,,"Macpherson,Bryden",
9/17/82,"6'2""","Pittsburgh,USA","MacWhinnie,Bobby",190lbs
,"5'9""",USA,"Madigan,Timothy",155lbs
4/9/88,,DNK,"Madsen,MortenOrum",
5/22/62,"6'0""","Paris,FRA","Magee,Andrew",180lbs
2/20/64,"5'9""","Columbia,USA","Maggert,Jeff",165lbs
7/6/94,"6'0""","St.Petersburg,USA","Maguire,Jack",
,,USA,"Maguire,MJ",
5/17/82,"5'11""","Orange,USA","Mahan,Hunter",175lbs
,"5'10""","Berkeley,USA","Main,Gregor",150lbs
9/25/79,"6'0""","Escondido,USA","Mallinger,John",165lbs
,,USA,"Malnati,Peter",
10/31/67,"5'11""","Singapore,SGP","Mamat,Mardan",198lbs
4/19/93,"6'1""","Verona,ITA","Manassero,Matteo",
10/7/80,"6'4""","GalivantsFerry,USA","Maness,Michael",195lbs
,,USA,"Marin,Chris",
3/10/80,"6'0""","Altus,USA","Marino,Steve",180lbs
,,USA,"Markle,David",
1/30/66,"6'1""",THA,"Marksaeng,Prayad",150lbs
8/4/54,"6'1""","Waterbury,USA","Marrello,Fran",
,,USA,"Marshall,Ian",
,"5'8""","Reno,USA","Marshall,Matt",160lbs
6/2/87,"6'0""","LibertyTownship,USA","Martin,Alex",
8/26/87,"5'11""","Greenwood,USA","Martin,Ben",175lbs
6/2/72,"6'2""","Eugene,USA","Martin,Casey",170lbs
12/13/73,"6'0""","Portland,USA","Martin,Jeff",195lbs
3/16/71,"5'10""","Aichi,JPN","Maruyama,Daisuke",180lbs
9/12/69,"5'7""","Chiba,JPN","Maruyama,Shigeki",185lbs
,,USA,"Mason,Nick",
2/22/74,"6'0""","Winston-Salem,USA","Mathis,David",168lbs
7/22/83,"5'8""","SaitamaPrefecture,JPN","Matsumura,Michio",150lbs
2/25/92,"5'11""","Matsuyama,JPN","Matsuyama,Hideki",170lbs
11/8/79,"6'0""","Rockledge,USA","Matteson,Troy",185lbs
12/4/79,"5'10""","GrandRapids,USA","Matthews,Andy",180lbs
10/15/67,"6'1""","Mineola,USA","Mattiace,Len",185lbs
11/14/86,"6'1""",USA,"Maurer,Brian",190lbs
10/6/68,"5'7""","Lynwood,USA","May,Bob",155lbs
8/6/66,"5'9""","Phoenix,USA","Mayfair,Billy",195lbs
12/27/96,,ITA,"Mazzoli,Stefano",
,,USA,"McCabe,Michael",
10/17/58,"5'10""","FortStockton,USA","McCallister,Blaine",190lbs
,,,"McCann,Brian",
7/10/65,"5'10""","Sacramento,USA","McCarron,Scott",170lbs
,,"Syracuse,USA","McCarthy,Dan",
,,"Rockville,USA","McCarthy,Denny",
9/17/72,"6'0""","IowaCity,USA","McCarty,Sean",195lbs
,"6'1""","Diboll,USA","McClain,Wesley",185lbs
,,USA,"McClellan,Robert",
,,USA,"McClintock,Ryan",
4/2/91,"5'10""",USA,"McConnell,Paul",155lbs
,"6'1""","Charlotte,USA","McCorkle,Todd",220lbs
,,USA,"McCormick,Mark",
,,"Middletown,USA","McCormick,Ryan",
2/5/94,"5'11""","Clarkesville,USA","McCoy,Lee",135lbs
,,"WestDesMoines,USA","McCoy,Michael",
7/30/79,"5'11""","Portush,NIR","McDowell,Graeme",168lbs
,"6'2""","SantaCruz,USA","McElyea,Cory",
12/16/66,"5'7""","Dublin,IRL","McGinley,Paul",161lbs
6/21/79,"5'8""","Fairmont,USA","McGirt,William",200lbs
2/5/65,"6'1""","Teaneck,USA","McGovern,Jim",200lbs
4/13/71,"5'8""","Meath,IRL","McGrane,Damien",160lbs
5/4/89,"5'10""","Holywood,NIR","McIlroy,Rory",160lbs
,"6'2""","Billings,USA","McIver,Brandon",
5/9/77,"6'1""",SCT,"McKechnie,Paul",175lbs
5/10/79,"6'1""","Honolulu,USA","McLachlin,Parker",165lbs
1/20/74,"6'0""","Triangle,ZWE","McLardy,Andrew",165lbs
,,,"McLean,Jon",
4/2/81,"5'11""","Peterhead,SCT","McLeary,Jamie",
,,USA,"McLister,Joey",
7/24/80,"6'0""","Harvard,USA","McLuen,Jay",173lbs
,,USA,"McNabb,David",
,"6'1""",USA,"McNealy,Maverick",
10/2/75,"6'0""","Naples,USA","McNeill,George",170lbs
6/19/81,"5'10""","Kingston,CAN","McQuillan,Matt",170lbs
5/20/68,"5'11""","Huntsville,USA","McRoy,Spike",155lbs
12/17/62,"6'1""","Greensburg,USA","Mediate,Rocco",190lbs
7/21/84,"6'3""","HuaHin,THA","Meesawat,Prom",209lbs
5/21/85,"6'2""","Chicago,USA","Meierdierks,Eric",200lbs
3/20/82,"6'1""","LongBeach,USA","Merrick,John",170lbs
10/25/85,"6'0""","Osage,USA","Merritt,Troy",160lbs
,"5'11""","SanDiego,USA","Meth,Byron",170lbs
1/5/69,"6'0""","Orlando,USA","Micheel,Shaun",185lbs
6/16/70,"6'3""","SanDiego,USA","Mickelson,Phil",200lbs
1/29/90,"6'4""","Philadelphia,USA","Miernicki,Daniel",220lbs
9/2/89,"5'9""","Murfreesboro,USA","Millard,Jason",155lbs
,,,"Miller,Andy",
,,"Timonium,USA","Miller,Brad",160lbs
,,USA,"Miller,Dennis",
4/22/51,,"Glasgow,SCT","Miller,Mike",
7/5/84,"6'2""","Greenbrae,USA","Miller,Zack",210lbs
4/30/90,"6'3""","Greenville,USA","Mills,Corbin",220lbs
3/6/78,"5'10""","Oshawa,CAN","Mills,Jon",183lbs
,,USA,"Mitchell,Jordan",
7/1/92,"6'1""","Chattanooga,USA","Mitchell,Keith",180lbs
4/4/71,"6'1""","Pinehurst,USA","Mitchum,Kelly",
,"5'11""",JPN,"Miyazato,Kiyoshi",
6/19/80,"5'11""","Okinawa,JPN","Miyazato,Yusaku",160lbs
9/23/58,"6'0""","Augusta,USA","Mize,Larry",165lbs
1/27/79,"6'0""","Harrison,USA","Molder,Bryce",180lbs
2/11/81,"5'11""","Turin,ITA","Molinari,Edoardo",163lbs
11/8/82,"6'0""","Turin,ITA","Molinari,Francesco",159lbs
,,USA,"Monagle,Colin",
6/23/63,"6'1""","Glasgow,SCT","Montgomerie,Colin",210lbs
1/11/90,"6'1""","Dallas,USA","Moon,Alex",185lbs
4/17/85,,"Oceanside,USA","Moore,Jonathan",
4/28/70,"5'11""","Austin,USA","Moore,Patrick",160lbs
12/5/82,"5'9""","Tacoma,USA","Moore,Ryan",170lbs
,,USA,"Moore,Taylor",
,,PRI,"Morales,Eric",
,,,"Morales,Wilfredo",
,,USA,"Moran,Scott",
